{"trainer/global_step":14400,"_wandb":{"runtime":3588},"epoch":600,"test_iou_class_2":0.4874131381511688,"train_iou_class_4_epoch":0.9430824518203735,"test_mean_iou":0.6453490257263184,"_timestamp":1.7344681702978132e+09,"val_mean_iou":0.6629561185836792,"train_loss_step":0.08770769834518433,"test_iou_class_0":0.9609159827232361,"_runtime":3587.5550342,"val_iou_class_3":0.3598290681838989,"test_iou_class_1":0.5261569619178772,"train_iou_class_3_step":0.24932976067066193,"train_iou_class_0_step":0.9637880325317383,"train_mean_iou_step":0.595099925994873,"val_iou_class_4":0.9522896409034729,"train_iou_class_2_step":0.010453229770064354,"val_iou_class_1":0.5282734632492065,"train_iou_class_1_step":0.7604452967643738,"test_loss":0.11618368327617645,"val_iou_class_0":0.9661696553230286,"train_mean_iou_epoch":0.6692235469818115,"val_loss":0.10158003866672516,"train_iou_class_0_epoch":0.9592718482017517,"train_iou_class_1_epoch":0.5831348896026611,"train_loss_epoch":0.11897348612546921,"test_iou_class_3":0.31306973099708557,"train_iou_class_3_epoch":0.3521333932876587,"_step":1488,"test_iou_class_4":0.9391894340515137,"train_iou_class_4_step":0.991483211517334,"train_iou_class_2_epoch":0.5084951519966125,"val_iou_class_2":0.5082185864448547}