{"train_iou_class_3_step":0.6181159615516663,"val_iou_class_3":0.18489955365657806,"test_iou_class_3":0.2007005214691162,"_runtime":1216.5140774,"test_mean_iou":0.578090488910675,"train_iou_class_1_epoch":0.42600196599960327,"train_iou_class_0_epoch":0.9414867758750916,"val_mean_iou":0.603347659111023,"val_iou_class_2":0.4744066894054413,"test_iou_class_2":0.3946714699268341,"_wandb":{"runtime":1217},"val_iou_class_0":0.9606799483299255,"train_iou_class_2_epoch":0.43900996446609497,"epoch":150,"val_iou_class_4":0.9166727662086487,"test_iou_class_4":0.908968448638916,"_timestamp":1.7344630074294055e+09,"val_iou_class_1":0.48007965087890625,"train_loss_step":0.16506895422935486,"test_loss":0.146763414144516,"train_iou_class_2_step":0.13672274351119995,"_step":372,"train_loss_epoch":0.185221329331398,"train_iou_class_4_epoch":0.7967097163200378,"val_loss":0.12355297058820724,"train_iou_class_3_epoch":0.25551190972328186,"trainer/global_step":3600,"train_iou_class_4_step":0.5000337958335876,"train_mean_iou_epoch":0.5717440247535706,"train_iou_class_0_step":0.9273571968078613,"train_iou_class_1_step":0.6174487471580505,"test_iou_class_1":0.4423539936542511,"train_mean_iou_step":0.5599357485771179,"test_iou_class_0":0.9437577724456787}