{"train_iou_class_0_epoch":0.9407479166984558,"val_mean_iou":0.6212239861488342,"train_loss_epoch":0.18062956631183624,"val_iou_class_1":0.43066051602363586,"train_iou_class_2_step":0.508242666721344,"train_iou_class_3_epoch":0.32559287548065186,"train_iou_class_0_step":0.941027045249939,"epoch":600,"train_iou_class_2_epoch":0.5907022953033447,"trainer/global_step":14400,"_step":1488,"test_mean_iou":0.5755809545516968,"test_iou_class_1":0.45537710189819336,"_timestamp":1.7344562674752328e+09,"train_iou_class_4_step":0,"val_iou_class_2":0.4447554051876068,"train_iou_class_4_epoch":0.8832698464393616,"_runtime":3811.0016335,"val_iou_class_4":0.9409576654434204,"train_iou_class_1_step":0.6551792025566101,"train_loss_step":0.22455565631389618,"train_mean_iou_epoch":0.6350111961364746,"val_iou_class_0":0.9365120530128479,"test_iou_class_3":0.21111884713172913,"val_loss":0.17728418111801147,"val_iou_class_3":0.35323384404182434,"train_iou_class_3_step":0.47690531611442566,"test_loss":0.27782541513442993,"test_iou_class_0":0.9268433451652527,"train_mean_iou_step":0.5162708163261414,"train_iou_class_1_epoch":0.43474334478378296,"test_iou_class_2":0.3844251334667206,"test_iou_class_4":0.900140106678009,"_wandb":{"runtime":3812}}