{"train_iou_class_1_step":0.4064995050430298,"train_iou_class_4_epoch":0.7242007255554199,"train_iou_class_2_step":0.28850123286247253,"test_iou_class_0":0.9492169618606567,"_wandb":{"runtime":1010},"val_iou_class_4":0.9027493000030518,"val_iou_class_0":0.9515553712844849,"train_loss_epoch":0.19376307725906372,"test_iou_class_3":0.08467132598161697,"train_iou_class_2_epoch":0.37507563829421997,"val_mean_iou":0.591242253780365,"_runtime":1008.9489384,"train_iou_class_4_step":0.6840461492538452,"val_iou_class_3":0.19636422395706177,"val_iou_class_2":0.4244043231010437,"train_iou_class_3_step":0.11555555462837219,"train_iou_class_3_epoch":0.20330235362052917,"train_mean_iou_epoch":0.5363866090774536,"train_iou_class_0_step":0.9598560333251953,"trainer/global_step":3600,"test_mean_iou":0.551499605178833,"epoch":150,"train_loss_step":0.17287570238113403,"_timestamp":1.7344645239594908e+09,"train_mean_iou_step":0.490891695022583,"test_loss":0.15031564235687256,"val_loss":0.13757768273353577,"_step":372,"val_iou_class_1":0.4811379611492157,"train_iou_class_1_epoch":0.44032782316207886,"test_iou_class_2":0.36963024735450745,"train_iou_class_0_epoch":0.9390263557434082,"test_iou_class_4":0.911750853061676,"test_iou_class_1":0.4422287046909332}