{"val_iou_class_4":0.9647113084793091,"train_iou_class_4_epoch":0.9035441279411316,"test_mean_iou":0.59815514087677,"test_iou_class_1":0.4558284878730774,"train_iou_class_0_step":0.971304178237915,"val_iou_class_2":0.5420786142349243,"val_mean_iou":0.6419370174407959,"_wandb":{"runtime":4324},"train_iou_class_3_step":0.17998075485229492,"train_iou_class_4_step":0.611940324306488,"_step":1488,"val_loss":0.08727759122848511,"train_iou_class_3_epoch":0.22717957198619843,"test_iou_class_0":0.9581848978996277,"test_loss":0.10860651731491089,"epoch":600,"train_iou_class_1_step":0.3668958842754364,"val_iou_class_0":0.9679064750671387,"_timestamp":1.7344610985816033e+09,"train_loss_epoch":0.10318444669246674,"val_iou_class_1":0.49894964694976807,"train_iou_class_2_epoch":0.5900995135307312,"train_iou_class_0_epoch":0.9606845378875732,"test_iou_class_4":0.9216744303703308,"train_mean_iou_step":0.5448627471923828,"test_iou_class_3":0.1423523873090744,"_runtime":4322.7136804,"val_iou_class_3":0.23603889346122742,"train_loss_step":0.08675867319107056,"train_iou_class_1_epoch":0.5430470705032349,"train_iou_class_2_step":0.594192624092102,"train_mean_iou_epoch":0.6449109315872192,"trainer/global_step":14400,"test_iou_class_2":0.5127352476119995}